analysis_id	date	status	result_section	question	input_data	method	main_parameters	output_dir	main_outputs	linked_figure	linked_table	methods_note	owner	decision
M00	YYYY-MM-DD	planned	Result 1	Are inputs aligned and suitable for analysis?	project.yml configured inputs	Read-only structural and missingness audit	Configured IDs, QC regex, and preprocessing	03_processed_data/metabolomics	Input inventory; metadata; cleaned feature matrix	NA	NA	METHODS_LEDGER.md#M00	project_owner	pending
M01	YYYY-MM-DD	planned	Result 1	What are the cohort and clinical characteristics?	Clinical metadata	Table 1 and sample-level descriptive plots	Configured variable types and scopes	04_analysis/R01_study_design_qc/M01_clinical	Table 1 source and clinical plot sources	unassigned	Table1	METHODS_LEDGER.md#M01	project_owner	pending
M02	YYYY-MM-DD	planned	Result 1	Do ion-mode profiles show stable QC and biological structure?	Positive and negative intensity matrices	PCA after configured preprocessing	95% ellipse; Pareto scaling	04_analysis/R01_study_design_qc/M02_pca	PCA scores, variance, QC CV, standalone figures	unassigned	NA	METHODS_LEDGER.md#M02	project_owner	pending
M03	YYYY-MM-DD	planned	Result 2	How are samples and features structured globally?	Combined cleaned feature matrix	Annotated hierarchical heatmaps	Configured distance, linkage, top N	04_analysis/R02_metabolomic_landscape/M03_heatmaps	Display matrices and standalone heatmaps	unassigned	NA	METHODS_LEDGER.md#M03	project_owner	pending
M04	YYYY-MM-DD	planned	Result 2	Which features differ between configured groups?	Combined cleaned feature matrix	limma with BH correction	Configured contrasts and thresholds	04_analysis/R02_metabolomic_landscape/M04_feature_differential	Complete/up/down tables and volcano plots	unassigned	NA	METHODS_LEDGER.md#M04	project_owner	pending
M05	YYYY-MM-DD	planned	Result 2	Which annotated features yield a clean metabolite matrix?	Mapping workbooks and cleaned feature matrix	Identity harmonization, quality ranking, deduplication, reversible curation	Configured mapping columns and overrides	04_analysis/R02_metabolomic_landscape/M05_annotation_filter	Curation audits, clean mappings, metabolite matrices	unassigned	NA	METHODS_LEDGER.md#M05	project_owner	pending
M06	YYYY-MM-DD	planned	Result 2	Which curated metabolites differ between groups?	Curated metabolite matrix	limma with BH correction	Configured contrasts and thresholds	04_analysis/R02_metabolomic_landscape/M06_metabolite_differential	Complete/up/down metabolite tables and volcano plots	unassigned	NA	METHODS_LEDGER.md#M06	project_owner	pending
M07	YYYY-MM-DD	planned	Result 3	Which pathways are enriched in supplied or calculated results?	Pathway result tables or archives	Restoration and dotplot display	Configured columns and top N	04_analysis/R03_metabolic_modules_and_pathways/M07_pathway_enrichment	Complete pathway tables and standalone dotplots	unassigned	NA	METHODS_LEDGER.md#M07	project_owner	pending
M08	YYYY-MM-DD	planned	Result 4	Which analytes or metabolites consistently contribute to the prespecified predictive task?	Frozen assay matrix and metadata	Leakage-controlled multi-model training and consensus importance	Configured endpoint, split, repeated CV, and threshold rule	04_analysis/R07_modeling_or_clinical_extension/M08_modeling	Models, predictions, performance, importance, ROC/PR/calibration plots	unassigned	NA	METHODS_LEDGER.md#M08	project_owner	pending
